key,value
8471214,Alex Ovechkin
8467412,Alexei Ponikarovsky
8468501,Anton Volchenkov
8471233,Travis Zajac
8475640,Erik Gustafsson
8476177,Matt Read
8474190,Wayne Simmonds
8468534,Andreas Lilja
8475603,Ben Holmstrom
8472410,Stephen Gionta
8474037,James van Riemsdyk
8474563,Drew Doughty
8473542,Tom Sestito
8476457,Adam Larsson
8474631,Marc-Andre Bourdon
8472382,Andy Greene
8474641,Adam Henrique
8474161,Jakub Voracek
8475972,Tyler Brown
8476461,Sean Couturier
8469454,Ilya Kovalchuk
8475170,Brayden Schenn
8468524,Ilya Bryzgalov
8470609,Steve Bernier
8471816,Mark Fayne
8471670,Guillaume Latendresse
8468486,Scott Hartnell
8470123,Cam Janssen
8473556,Yury Alexandrov
8470640,Matt Carle
8473512,Claude Giroux
8475775,Tye McGinn
8470920,David Clarkson
8475802,Louis-Marc Aubry
8468090,Garnet Exelby
8470601,Braydon Coburn
8475342,Oliver Lauridsen
8479312,Alex Lyon
8470755,Brad Richardson
8473658,Victor Bartley
8475325,Jordan Nolan
8474162,Jake Muzzin
8475096,Patrick Mullen
8474166,Alec Martinez
8470171,Max Talbot
8474892,Eric Wellwood
8471756,Oskars Bartulis
8471762,Chris VandeVelde
8474775,Robert Mayer
8476158,Harry Zolnierczyk
8475251,Igor Bobkov
8475185,Jacob Josefson
8472394,Peter Harrold
8473414,Leland Irving
8477246,Antoine Laganiere
8476949,Joey Laleggia
8469623,Marek Zidlicky
8468038,Michael Leighton
8474736,Zac Rinaldo
8471733,Rich Clune
8471734,Jonathan Quick
8468500,Alex Frolov
8474745,Paul Karpowich
8473646,Ryan Carter
8473997,Luca Caputi
8475255,Scott Stajcer
8475879,Mac Carruth
8459579,Patrick Lalime
8471269,Nicklas Grossmann
8470610,Zach Parise
8475430,Brandon Manning
8471636,Tim Sestito
8476209,Mike Sislo
8471712,Jeff Frazee
8471236,Andrej Meszaros
8473580,Matthew Corrente
8471365,Steven Zalewski
8473944,Matt Anderson
8475248,Alexander Urbom
8473592,Vladimir Zharkov
8467436,Jay Leach
8476234,Keith Kinkaid
8467881,Taylor Pyatt
8473544,Derick Brassard
8474678,Jason Missiaen
8475060,Matt Taormina
8473927,Brad Mills
8474614,Brandon Burlon
8474219,Dan Kelly
8475199,Eric Gelinas
8474023,Mike Hoeffel
8474582,Mattias Tedenby
8467452,Rob Scuderi
8471718,Marc-Andre Cliche
8470662,Colin Fraser
8476404,Andy Andreoff
8474594,Slava Voynov
8475160,Kyle Clifford
8471208,Dustin Penner
8474518,Davis Drewiske
8473908,Kevin Westgarth
8471685,Anze Kopitar
8473664,Justin Azevedo
8475726,Tyler Toffoli
8474638,Andrew Campbell
8474681,Andrei Loktionov
8468526,Jarret Stoll
8460621,Daniel Alfredsson
8470604,Jeff Carter
8470606,Dustin Brown
8474889,Martin Jones
8470121,Matt Greene
8475223,Linden Vey
8467346,Simon Gagne
8470617,Mike Richards
8473453,Trevor Lewis
8476981,Josh Anderson
8471693,Jakub Kindl
8467514,Pavel Datsyuk
8467478,Kent Huskins
8470201,Jiri Hudler
8473558,Cory Emmerton
8474100,Dwight King
8474066,Thomas Hickey
8468508,Justin Williams
8473419,Brad Marchand
8470905,Randy Jones
8474749,Matt Bartkowski
8471717,Adam McQuaid
8471916,Mike Angelidis
8471276,David Krejci
8470187,Johnny Boychuk
8471514,Rich Peverley
8471314,Mike Lundin
8475167,Victor Hedman
8470230,Daniel Paille
8467925,Adam Hall
8469765,Marc-Andre Bergeron
8467329,Vincent Lecavalier
8467967,Chris Kelly
8470638,Patrice Bergeron
8471467,Matthew Ford
8465914,Francis Bouillon
8468575,Dominic Moore
8470596,Nathan Horton
8471767,Blair Jones
8470634,Matt Smaby
8470666,Daniel Carcillo
8477225,Jared Coreau
8470645,Corey Crawford
8474682,Dustin Tokarski
8474564,Steven Stamkos
8474002,Colby Cohen
8473473,Milan Lucic
8474000,Steven Kampfer
8471418,Anton Khudobin
8469619,Dennis Seidenberg
8470804,Mathieu Roy
8469548,Ray Emery
8470169,Gregory Campbell
8474095,Dana Tyrell
8467988,Ryan Malone
8470615,Marc-Antoine Pouliot
8467545,Michael Ryder
8466333,Andrew Ference
8471703,Steve Downie
8466378,Martin St. Louis
8474657,Jamie Arniel
8473962,Teddy Purcell
8470176,Sean Bergenheim
8471668,Mattias Ritola
8470775,Nate Thompson
8475794,Tyler Seguin
8475150,Jordan Caron
8471958,Dan Girardi
8471873,Anton Stralman
8473932,Darroll Powe
8475118,Matt Gilroy
8470192,Steve Eminger
8476861,Oscar Dansk
8474068,Kyle Turris
8476205,Stephane Da Costa
8475243,Ryan Bourque
8474230,Micheal Haley
8474151,Ryan McDonagh
8471686,Marc Staal
8470232,Kris Newbury
8475692,Mats Zuccarello
8476462,Dougie Hamilton
8470041,Rick Nash
8469534,Aaron Johnson
8471339,Ryan Callahan
8468685,Henrik Lundqvist
8473432,Derek Dorsett
8471695,Tuukka Rask
8476468,J.T. Miller
8474772,Stu Bickel
8474850,Brandon Mashinter
8475184,Chris Kreider
8475186,John Moore
8476792,Torey Krug
8473484,Kaspars Daugavins
8474176,Carl Hagelin
8475660,Cam Talbot
8471262,Carl Soderberg
8469622,Ryane Clowe
8467389,Brad Richards
8470619,Brian Boyle
8474613,Derek Stepan
8477404,Jake Guentzel
8470597,Nikolay Zherdev
8470996,Danny Syvret
8474163,Kevin Marshall
8475749,Christian Thomas
8474584,Michael Del Zotto
8475795,Dylan McIlrath
8469755,Brandon Segal
8476844,Niklas Svedberg
8469638,Jussi Jokinen
8468542,Paul Martin
8471311,Tyler Kennedy
8471675,Sidney Crosby
8470543,Chris Kunitz
8476211,Carter Camper
8475761,Beau Bennett
8471724,Kris Letang
8468498,Brooks Orpik
8466393,Pascal Dupuis
8471246,Chris Bourque
8471856,Joe Vitale
8471215,Evgeni Malkin
8474091,Brandon Sutter
8471702,Matt Niskanen
8468114,Douglas Murray
8468674,Deryk Engelland
8471707,James Neal
8474138,Dustin Jeffrey
8467580,Mark Eaton
8479432,Nick Ellis
8458361,Doug Weight
8476316,Laurent Brossoit
8474873,Brian Lashoff
8474874,Travis Ehrhardt
8474815,Francis Pare
8467332,Bryan Allen
8475758,Devante Smith-Pelly
8470854,Tanner Glass
8475155,Simon Despres
8474145,Robert Bortuzzo
8470594,Marc-Andre Fleury
8473553,Jeff Zatkoff
8471716,Justin Abdelkader
8471956,Andrew Desjardins
8467331,Brad Stuart
8470861,Sean Sullivan
8467096,Dan Boyle
8474027,Justin Braun
8471794,Darren Helm
8470622,Patrick Eaves
8474667,Harri Sateri
8474550,Antti Niemi
8474032,Nick Petrecki
8475202,Taylor Doherty
8470273,Ian White
8471682,Devin Setoguchi
8467928,Doug Janik
8470318,Jonathan Ericsson
8468577,Niclas Wallin
8475607,Cameron MacIntyre
8470794,Joe Pavelski
8473465,Jamie McGinn
8470280,Ben Eager
8474685,Matt Calvert
8478970,Jalen Chatfield
8471483,Kyle Wilson
8474092,Jeremy Smith
8464989,Matt Cullen
8468540,Dan Ellis
8467844,Jason Blake
8468095,George Parros
8470047,Valtteri Filppula
8468482,Dany Heatley
8468083,Henrik Zetterberg
8471338,Torrey Mitchell
8474053,Logan Couture
8469581,Kyle Wellwood
8473562,John McCarthy
8474090,Brendan Smith
8471309,Johan Franzen
8470778,Drew Miller
8470657,Jimmy Howard
8471306,Thomas Greiss
8471709,Marc-Edouard Vlasic
8474739,Tommy Wingels
8473600,Benn Ferriero
8475625,Matt Irwin
8475346,Marek Viedensky
8475622,Carter Hutton
8473569,Jan Mursak
8474218,Jason Demers
8470061,Derek Meech
8468509,Niklas Kronwall
8475193,Tomas Tatar
8467856,Brian Rafalski
8467876,Henrik Sedin
8471859,Sergei Kostitsyn
8467875,Daniel Sedin
8467330,David Legwand
8476310,Lukas Sedlak
8471714,Michael Sauer
8468224,Sean Avery
8468483,Marian Gaborik
8475215,Robin Lehner
8473503,James Reimer
8468485,Raffi Torres
8474569,Colin Wilson
8471498,Jannik Hansen
8468064,Martin Erat
8467370,Mike Fisher
8468162,Jerred Smithson
8470600,Ryan Suter
8471811,Cal O'Reilly
8470642,Shea Weber
8470620,Jeff Tambellini
8474096,Nick Spaling
8470054,Keith Ballard
8470274,Chris Higgins
8474570,Cody Hodgson
8469465,Dan Hamhuis
8474094,Matt Halischuk
8469547,Jordin Tootoo
8473608,Blake Geoffrion
8469626,Andrew Alberts
8470616,Ryan Kesler
8470839,Shane O'Brien
8467463,Mikael Samuelsson
8470310,Aaron Rome
8470630,Kevin Klein
8470063,Adam Burish
8475602,Casey Wellman
8468011,Ryan Miller
8471664,Mason Raymond
8471268,Victor Oreskovich
8471887,Patric Hornqvist
8470358,Alexandre Burrows
8471742,Cody Franson
8471303,Alexander Edler
8470654,Maxim Lapierre
8474164,Jonathon Blum
8469598,Kevin Bieksa
8469555,Christian Ehrhoff
8468208,Joel Ward
8471741,Teemu Laakso
8474580,Chet Pickard
8474535,Chris Mueller
8474629,Shawn Lalonde
8474625,Jimmy Hayes
8476403,Klas Dahlbeck
8473537,Viktor Stalberg
8475323,Marcus Kruger
8471769,Niklas Hjalmarsson
8474679,Gustav Nyquist
8471245,Dave Bolland
8475204,Brandon Pirri
8475650,Brandon Bollig
8470281,Duncan Keith
8475097,Brad Thiessen
8474168,Joakim Andersson
8476381,Andrew Shaw
8468927,Steve Montador
8470724,Kyle Quincey
8474727,Ben Smith
8470607,Brent Seabrook
8471254,Bryan Bickell
8475214,Jeremy Morin
8476431,Adam Clendening
8475181,Nick Leddy
8469544,Patrick Sharp
8469665,Johnny Oduya
8473564,Michael Frolik
8473604,Jonathan Toews
8476438,Brandon Saad
8477059,Damien Brunner
8474141,Patrick Kane
8475431,Henrik Karlsson
8469470,Carlo Colaiacovo
8475114,Jordan Pearce
8475598,Ryan Stanton
8475153,Dylan Olsen
8469992,Sheldon Brookbank
8471719,Matt Kassian
8467496,Andrei Markov
8467493,Chris Neil
8475797,Jarred Tinordi
8471679,Carey Price
8476851,Alex Galchenyuk
8474157,Max Pacioretty
8475164,Jakob Silfverberg
8471283,Brandon Prust
8469521,Tomas Plekanec
8476432,Boone Jenner
8467407,Brian Gionta
8473468,Eric Gryba
8473588,Erik Condra
8476419,Jean-Gabriel Pageau
8473466,Ryan White
8475848,Brendan Gallagher
8476459,Mika Zibanejad
8470599,Milan Michalek
8475254,Gabriel Dumont
8471296,Alexei Emelin
8475174,Jared Cowen
8467831,Jeff Halpern
8467950,Craig Anderson
8475739,Michael Bournival
8470760,Marc Methot
8471299,Peter Regin
8474605,Patrick Wiercioch
8474884,Mike Hoffman
8471976,David Desharnais
8474688,Greg Pateryn
8470324,Josh Gorges
8474250,Zack Smith
8474134,Yannick Weber
8474056,P.K. Subban
8476195,Cory Conacher
8476470,Nathan Beaulieu
8475183,Louis Leblanc
8468635,Travis Moen
8469506,Jason Pominville
8471504,Rene Bourque
8477237,Mike Condon
8471229,Petteri Nokelainen
8471663,Mike Blunden
8471862,Colin Greening
8474578,Erik Karlsson
8470378,Andre Benoit
8476244,Raphael Diaz
8474024,Jim O'Brien
8474189,Lars Eller
8469474,Colby Armstrong
8475913,Mark Stone
8474683,Derek Grant
8476386,Shane Prince
8475661,Dave Dziurzynski
8476477,Matt Puempel
8476474,Stefan Noesen
8476879,Cody Ceci
8474855,Nathan Lawson
8474697,Mark Borowiecki
8469514,Peter Budaj
8467336,Mike Rupp
8470104,Tom Gilbert
8470153,Pierre-Marc Bouchard
8474716,Jared Spurgeon
8473504,Cal Clutterbuck
8475722,Jason Zucker
8473992,Justin Falk
8476463,Jonas Brodin
8469459,Mikko Koivu
8470803,Kyle Brodziak
8470886,Clayton Stoner
8475613,Nate Prosser
8469820,Zenon Konopka
8474618,Marco Scandella
8475745,Charlie Coyle
8473404,Niklas Backstrom
8475798,Mikael Granlund
8469542,Stephane Veilleux
8471352,Jake Dowell
8475757,Brett Bulmer
8470074,Jeff Deslauriers
8474077,Carson McMillan
8471885,Chad Rau
8476856,Matt Dumba
8475311,Darcy Kuemper
8476481,Zack Phillips
8476235,Justin Fontaine
8473445,Kyle Medvec
8473618,Mathieu Perreault
8469639,Brooks Laich
8474590,John Carlson
8471242,Mike Green
8471240,Jeff Schultz
8468611,Matt Hendricks
8467365,John Erskine
8470159,Boyd Gordon
8473991,Karl Alzner
8470120,Alexander Semin
8469770,Dennis Wideman
8468846,Tyler Sloan
8473913,Sean Collins
8473911,Steven Pinizzotto
8474651,Braden Holtby
8473563,Nicklas Backstrom
8471780,Patrick McNeill
8470294,DJ King
8474291,Jay Beagle
8473607,Michal Neuvirth
8466251,Jason Chimera
8470611,Eric Fehr
8475149,Marcus Johansson
8473936,Kirk MacDonald
8475683,Sergei Bobrovsky
8474551,Ville Leino
8475283,Lane MacDermid
8467408,Matt Walker
8475080,Johan Backlund
8474636,Michael Hutchinson
8467361,Blair Betts
8473550,Andrew Bodnarchuk
8474045,Zach Hamill
8475614,Mike Testwuide
8467905,Michael Ryan
8471346,Kris Versteeg
8473568,Andreas Nodl
8476406,Nick Shore
8467890,Barret Jackman
8473534,Patrik Berglund
8471710,Taylor Chorney
8474031,Kevin Shattenkirk
8474596,Jake Allen
8469480,Jeff Woywitka
8470151,Jay Bouwmeester
8469685,Andrew Murray
8471729,Kris Russell
8475768,Jaden Schwartz
8470871,Chris Porter
8475765,Vladimir Tarasenko
8474634,Evgeny Grachev
8471490,Adam Cracknell
8467917,Jordan Leopold
8471817,Ryan Reaves
8470880,Brian Elliott
8474565,Alex Pietrangelo
8471698,T.J. Oshie
8473485,Chris Stewart
8468700,Paul Gaustad
8474013,Ian Cole
8468434,Andy McDonald
8467344,Robyn Regehr
8475825,Jani Hakanpaa
8470655,David Backes
8476436,Dmitrij Jaskin
8470257,Alexander Steen
8471743,Vladimir Sobotka
8471392,Roman Polak
8474184,Keaton Ellerby
8474102,David Perron
8475234,J-F Berube
8474626,Robert Czarnik
8476772,Brian O'Neill
8475295,Brandon Kozun
8475738,Jordan Weal
8476871,Tanner Pearson
8475235,Nicolas Deslauriers
8471476,Daniel Winnik
8470860,Jaroslav Halak
8468213,Jim Vandermeer
8474001,TJ Galiardi
8470647,B.J. Crombeen
8471851,Matt D'Agostini
8468515,Brad Winchester
8470613,Brent Burns
8467899,Martin Havlat
8471842,Tim Kennedy
8471774,Alex Stalock
8474531,Mike Moore
8471677,Jack Johnson
8474114,Oscar Moller
8467511,Antero Niittymaki
8471386,Scott Parse
8476826,Yanni Gourde
8472368,Chris Conner
8474519,Jack Hillen
8475772,Riley Sheahan
8471450,Brandon Yip
8475176,Ryan Ellis
8470603,Andrei Kostitsyn
8474600,Roman Josi
8475268,Gabriel Bourque
8475225,Craig Smith
8471228,Alexander Radulov
8467977,Brian McGrattan
8474552,Fabian Brunnstrom
8474591,Tom McCollum
8473972,Jonas Hiller
8473933,Ben Lovejoy
8471676,Bobby Ryan
8470621,Corey Perry
8472370,Jordan Hendry
8475883,Frederik Andersen
8475162,Mat Clark
8469483,David Steckel
8474034,Patrick Maroon
8467400,Francois Beauchemin
8470317,Nate Guenin
8468695,Matthew Lombardi
8471521,Brad Staubitz
8475764,Cam Fowler
8476854,Hampus Lindholm
8476384,Max Friberg
8475770,Emerson Etem
8474009,Nick Bonino
8471699,Andrew Cogliano
8478011,Louie Belpedio
8475220,Marcus Foligno
8475222,Sami Vatanen
8476434,John Gibson
8475171,Oliver Ekman-Larsson
8475180,Peter Holland
8470612,Ryan Getzlaf
8474579,Luca Sbisa
8473492,Matt Beleskey
8477215,Danny DeKeyser
8475151,Kyle Palmieri
8476483,Rickard Rakell
8471428,Pierre-Luc Letourneau-Leblond
8466285,Brian Campbell
8470084,Hannu Toivonen
8470329,Chris Campoli
8468518,Tomas Kopecky
8468510,Jeff Taffe
8471426,Troy Brouwer
8473722,John Scott
8475095,Alec Richards
8475074,Brian Connelly
8473970,Rob Klinkhammer
8471239,Cory Schneider
8474628,Michael Stone
8475839,Louis Domingue
8471232,Lauri Korpikoski
8476206,Andy Miele
8474107,Maxim Goncharov
8471680,Gilbert Brule
8468535,Antoine Vermette
8470713,Paul Bissonnette
8476062,Mark Arcobello
8470719,Alexandre Bolduc
8473589,Chris Summers
8473673,David Schlemko
8471691,Martin Hanzal
8476864,Ville Pokka
8471735,Keith Yandle
8468484,Rostislav Klesla
8468085,Radim Vrbata
8475216,Ethan Werek
8475224,Jordan Szwarz
8476473,Connor Murphy
8474571,Mikkel Boedker
8475182,David Rundblad
8474050,Brett MacLean
8471821,Matt Watkins
8471302,Justin Pogge
8471231,Kyle Chipchura
8474598,Nicolas Deschamps
8474646,Brandon McMillan
8467393,Jarkko Ruutu
8467304,Andy Sutton
8468598,Lubomir Visnovsky
8475105,Dan Sexton
8474765,Anders Lindback
8471279,Sami Lepisto
8474103,Joe Lavin
8474709,Matt Martin
8467931,Matt Carkner
8468101,Radek Martinek
8470144,Frans Nielsen
8475314,Anders Lee
8475754,Brock Nelson
8474666,David Ullstrom
8475166,John Tavares
8473584,Andrew MacDonald
8476458,Ryan Strome
8473546,Michael Grabner
8475177,Calvin de Haan
8469779,Keith Aucoin
8474604,Aaron Ness
8470644,Colin McDonald
8473514,Jesse Joensuu
8474690,Kevin Poulin
8473565,Brian Strait
8474659,Matt Donovan
8473449,Kyle Okposo
8471701,Joe Finley
8474612,Travis Hamonic
8470852,Matt Moulson
8476367,John Persson
8476445,Johan Sundstrom
8475195,Anders Nilsson
8475231,Casey Cizikas
8468309,Mark Streit
8468504,Brad Boyes
8471234,Wojtek Wolski
8467371,Mike Ribeiro
8475619,Aaron Volpatti
8476162,Steve Oleksy
8475831,Philipp Grubauer
8475200,Dmitry Orlov
8477220,Nate Schmidt
8475165,Anton Lander
8470156,Joey Crabb
8474649,Tomas Kundratek
8476799,Cameron Schilling
8476880,Tom Wilson
8475690,Christopher Tanev
8475663,Eddie Lack
8473488,Sergei Shirokov
8473931,Lee Sweatt
8467334,Manny Malhotra
8474668,Dale Weise
8471752,Marc-Andre Gragnani
8470700,Byron Bitz
8473682,Andrew Ebbett
8471011,Garrett Stafford
8471266,David Booth
8475178,Zack Kassian
8477073,Kurtis MacDermid
8470618,Anthony Stewart
8473541,Jonathan Bernier
8473914,Mark Letestu
8473533,Jordan Staal
8469760,Zbynek Michalek
8467964,Mike Comrie
8468252,Eric Godard
8474025,Eric Tangradi
8470299,Erik Christensen
8468172,Ruslan Fedotenko
8473573,Artem Anisimov
8471273,Brandon Dubinsky
8469455,Jason Spezza
8468463,Mathieu Darche
8470222,James Wisniewski
8471678,Benoit Pouliot
8471768,Tom Pyatt
8470678,Alexandre Picard
8467439,Jaroslav Spacek
8467351,Scott Gomez
8469500,Michael Cammalleri
8470602,Dion Phaneuf
8470207,Joffrey Lupul
8474125,Carl Gunnarsson
8470667,Clarke MacArthur
8473712,Frazer McLaren
8473579,Nikolay Kulemin
8472424,Ryan Hamilton
8474497,Michael Kostka
8471362,Mikhail Grabovski
8473463,Leo Komarov
8468639,John-Michael Liles
8474192,Matt Frattin
8468778,Colton Orr
8471748,Mark Fraser
8469508,Jay McClement
8470672,Ryan O'Byrne
8473548,Phil Kessel
8474577,Joe Colborne
8475098,Tyler Bozak
8474581,Jake Gardiner
8475172,Nazem Kadri
8469569,Drew MacIntyre
8475203,Jesse Blacker
8473560,Korbinian Holzer
8475637,Bobby Butler
8470750,John Mitchell
8473422,Nick Foligno
8467913,Alex Auld
8471411,Chad Kolarik
8474498,Jesse Winchester
8474670,Andre Petersson
8471750,Ben Bishop
8470105,Scottie Upshall
8471681,Jack Skille
8467428,Krys Barch
8468478,Mike Weaver
8466371,John Madden
8470039,Tomas Fleischmann
8475179,Dmitry Kulikov
8476300,Nikita Nesterov
8474520,Jason Garrison
8471390,Mike Santorelli
8473574,Shawn Matthias
8475790,Erik Gudbranson
8469473,Marcel Goc
8469457,Stephen Weiss
8466339,Scott Clemmensen
8470729,Tyson Strachan
8476268,Mattias Sjogren
8475236,Cody Eakin
8467430,Dany Sabourin
8473497,Dennis Persson
8476807,Matt Tennyson
8475878,Freddie Hamilton
8473536,James Sheppard
8476767,Sebastian Stalberg
8477043,Christian Djoos
8478442,Cooper Marody
8478468,Jeremy Lauzon
8475156,Mikko Koskinen
8471996,Bracken Kearns
8475365,Sena Acolatse
8476331,Dylan DeMelo
8476810,Travis Oleksuk
8475939,J.P. Anderson
8471700,Matt Pelech
8475148,Tim Erixon
8474589,Tyler Ennis
8471284,Andrej Sekera
8471804,Nathan Gerbe
8471761,Chris Butler
8473426,Mike Weber
8470598,Thomas Vanek
8467878,Tim Connolly
8471419,Mark Mancari
8474574,Tyler Myers
8471388,Patrick Kaleta
8471226,Drew Stafford
8469591,Cody McCormick
8469472,Shaone Morrisonn
8470018,Matt Ellis
8469485,Derek Roy
8473523,Jhonas Enroth
8466309,Mike Mottau
8468636,Greg Zanon
8466215,Joe Corvo
8470636,Josh Hennessy
8475727,Ryan Spooner
8474607,Max Sauve
8475414,Craig Cunningham
8471753,T.J. Hensick
8470737,Brett Sterling
8474220,Jerome Samson
8473999,Nick Palmieri
8466216,Adam Mair
8472355,Rod Pelley
8476191,Kevan Miller
8474660,David Warsofsky
8475771,Mark Visentin
8476302,Frank Corrado
8475257,Peter Andersson
8475978,Alexandre Mallet
8471216,Cam Barker
8471810,Derek Joslin
8477201,Kellan Lain
8475147,Jordan Schroeder
8475423,Darren Archibald
8476482,Nicklas Jensen
8476867,Brendan Gaunce
8471409,Andrew Gordon
8475300,Joe Cannata
8469759,Vernon Fiddler
8470740,Lee Stempniak
8475759,Brandon Gormley
8474588,Viktor Tikhonov
8469681,Ryan Hollweg
8474875,Brent Raedeke
8467910,Nolan Yonkman
8471261,Dane Byers
8473409,Logan Pyett
8475707,Ilari Filppula
8474029,Cade Fairchild
8473511,David McIntyre
8471696,Matt Lashoff
8471221,Alexandre Picard
8474378,Matt Beaudoin
8470966,Mark Giordano
8477935,Sam Bennett
8473434,Chad Johnson
8474642,Lance Bouma
8474673,TJ Brodie
8476312,Josh Manson
8477941,Nick Ritchie
8474150,Mikael Backlund
8475163,Alex Chiasson
8475780,Chris Wagner
8478131,Ondrej Kase
8475907,Micheal Ferland
8477508,Curtis Lazar
8471766,Jared Boll
8477447,Shea Theodore
8477986,Brandon Montour
8476400,Logan Shaw
8476346,Johnny Gaudreau
8479314,Matthew Tkachuk
8477497,Sean Monahan
8470162,Matt Stajan
8476903,Jon Gillies
8471879,Kyle Cumiskey
8476806,J.T. Brown
8476886,Slater Koekkoek
8476453,Nikita Kucherov
8477300,Viktor Svedberg
8474870,Tyler Johnson
8477386,Henri Ikonen
8476292,Ondrej Palat
8474717,Mark Barberio
8475807,Joakim Nordstrom
8476539,Jonathan Marchessault
8476975,Cedric Paquette
8473986,Alex Killorn
8476860,Dylan Blujus
8477950,Tony DeAngelo
8477356,Kristers Gudlevskis
8474722,Luke Witkowski
8476394,Michael Paliotta
8476479,Phillip Danault
8477205,Andrej Sustr
8477326,Joel Vermin
8477845,Trevor van Riemsdyk
8477009,Jake Dotchin
8476911,Tanner Richard
8476882,Teuvo Teravainen
8477451,Ryan Hartman
8477494,Jonathan Drouin
8476480,Vladislav Namestnikov
8476883,Andrei Vasilevskiy
8475715,Oscar Lindberg
8475832,Tom Kuhnhackl
8475763,Kevin Hayes
8475208,Brian Dumoulin
8470110,Trevor Daley
8470595,Eric Staal
8476897,Oskar Sundqvist
8476899,Matt Murray
8474602,Justin Schultz
8476869,Brady Skjei
8477839,Conor Sheary
8475810,Bryan Rust
8475855,Jesper Fast
8476874,Olli Maatta
8475949,Marek Hrivik
8476884,Derrick Pouliot
8476433,Magnus Hellberg
8477465,Tristan Jarry
8475161,Chris Brown
8477435,Ryan Graves
8477126,Jayson Megna
8477889,Mathew Bodie
8477244,Chad Ruhwedel
8478971,Connor Ingram
8460806,Dwayne Roloson
8473499,Reto Berra
8474568,Luke Schenn
8475188,Brayden McNabb
8476919,Chris Tierney
8475820,Joonas Donskoi
8477922,Melker Karlsson
8476442,Matt Nieto
8475455,Brenden Dillon
8476881,Tomas Hertl
8473571,Jamie McBain
8475857,Kevin Gravel
8476373,Niklas Lundstrom
8475175,Magnus Paajarvi
8468505,Steve Ott
8476774,Terry Broadhurst
8475966,Garret Ross
8475720,Kent Simpson
8477195,Mathieu Brisebois
8467391,Jason LaBarbera
8476471,Mark McNeill
8477243,Drew LeBlanc
8476283,Alex Broadhurst
8475816,Stanislav Galiev
8476906,Shayne Gostisbehere
8477444,Andre Burakovsky
8476872,Scott Laughton
8475462,Radko Gudas
8473461,Steve Mason
8476393,Nick Cousins
8469469,R.J. Umberger
8468513,Nick Schultz
8475247,Michael Latta
8475744,Evgeny Kuznetsov
8477930,Pierre-Edouard Bellemare
8474040,Sam Gagner
8478563,Evgeny Medvedev
8477290,Michael Raffl
8477462,Robert Hagg
8475729,Mark Alt
8477502,Samuel Morin
8476932,Anthony Stolarz
8478367,Cole Bardreau
8477409,Carter Verhaeghe
8476955,Taylor Leier
8471436,Matt Hunwick
8476449,Scott Harrington
8471260,Blake Comeau
8476293,Scott Wilson
8473575,Semyon Varlamov
8475799,Nino Niederreiter
8475287,Erik Haula
8476455,Gabriel Landeskog
8475168,Matt Duchene
8471326,Patrick Bordeleau
8475206,Stefan Elliott
8473700,Ryan Wilson
8474089,Brad Malone
8471657,Cody McLeod
8474207,Nick Holden
8474008,Paul Carey
8471669,Paul Stastny
8469707,PA Parenteau
8473446,Erik Johnson
8470699,Jan Hejda
8475158,Ryan O'Reilly
8475197,Tyson Barrie
8477492,Nathan MacKinnon
8474202,John Curry
8475717,Calvin Pickard
8476536,Colin Smith
8475767,Joey Hishon
8476464,Duncan Siemens
8475461,Andrew Agozzino
8475824,Sami Aittokallio
8476798,Karl Stollery
8472373,Jon Landry
8476933,Raphael Bussieres
8476344,Tyler Graovac
8475860,Johan Gustafsson
8476889,Radek Faksa
8477501,Valeri Nichushkin
8470877,David Jones
8475730,Stephen Johns
8476467,Jamie Oleksiak
8474849,Antoine Roussel
8473994,Jamie Benn
8474098,Colton Sceviour
8469466,Ales Hemsky
8475906,John Klingberg
8474818,Jordie Benn
8476439,Brett Ritchie
8475747,Patrik Nemeth
8474610,Zac Dalpe
8477406,Mattias Janmark
8477850,Christian Folin
8471274,Alex Goligoski
8470140,Kari Lehtonen
8478390,Grayson Downing
8476619,Zack Mitchell
8478524,Zach Palmquist
8476422,Mike Reilly
8476545,Kurtis Gabriel
8478208,Hunter Warner
8476313,Steve Michalek
8474627,Jori Lehtera
8476427,Ty Rattie
8477467,Gustav Olofsson
8471840,Brett Sutter
8478138,Guillaume Gelinas
8477923,Michael Keranen
8476808,Brian Flynn
8473507,Jeff Petry
8477202,Andrew Hammond
8478461,Luke Opilka
8477455,Jacob de la Rose
8476379,Darren Dietz
8477901,Daniel Carr
8478004,Brett Lernout
8476948,Charles Hudon
8476904,Chris Driedger
8475227,Chris Wideman
8476368,Fredrik Claesson
8477210,Buddy Robinson
8471241,Mark Fistric
8469490,Tim Jackman
8476525,Colin Miller
8475762,Derek Forbort
8477149,Scott Sabourin
8477378,Patrik Bartosak
8476409,Alan Quine
8477932,Aaron Ekblad
8475755,Alexander Petrovic
8475760,Nick Bjugstad
8476456,Jonathan Huberdeau
8477506,Ryan Pulock
8475769,Quinton Howden
8476389,Vincent Trocheck
8475253,Garrett Wilson
8468001,Derek MacKenzie
8476428,Rocco Grimaldi
8475735,Greg McKegg
8476917,Adam Pelech
8476875,Mike Matheson
8476444,Christopher Gibson
8475191,Reilly Smith
8477493,Aleksander Barkov
8475246,Kevin Connauton
8467396,Erik Cole
8467423,Shawn Horcoff
8476116,Ryan Garbutt
8475714,Calle Jarnkrok
8476925,Colton Sissons
8476887,Filip Forsberg
8476447,Miikka Salomaki
8476892,Colton Parayko
8476857,Pontus Aberg
8477942,Kevin Fiala
8475766,Austin Watson
8476855,Nail Yakupov
8477240,Carter Rowney
8476779,Brad Hunt
8478042,Viktor Arvidsson
8475218,Mattias Ekholm
8476989,Petteri Lindbohm
8477482,Zach Sanford
8475868,Anthony Bitetto
8477964,Ivan Barbashev
8474715,Cam Atkinson
8475793,Ryan Johansen
8476441,Joel Edmundson
8476992,Marek Mazanec
8476877,Jordan Schmaltz
8477919,Frederick Gaudreau
8477982,Jack Dougherty
8475774,Petter Granberg
8477634,Trevor Murphy
8478851,Alexandre Carrier
8477973,Vladislav Kamenev
8471760,Cody Bass
8478550,Artemi Panarin
8476979,Erik Gustafsson
8475209,Richard Panik
8477952,Robby Fabbri
8471217,Andrew Ladd
8471185,Curtis Glencross
8469476,Tim Gleason
8477939,William Nylander
8475716,Martin Marincin
8476941,Connor Carrick
8477953,Kasperi Kapanen
8479318,Auston Matthews
8476410,Josh Leivo
8478373,Nikita Soshnikov
8475786,Zach Hyman
8476853,Morgan Rielly
8477015,Connor Brown
8479458,Nikita Zaitsev
8476289,Alexey Marchenko
8475792,Brett Connolly
8478483,Mitchell Marner
8476905,Chandler Stephenson
8469608,Mike Smith
8471469,Pekka Rinne
8470216,Josh Harding
8469732,Joey MacDonald
8474720,Brett Hextall
8474573,Josh Bailey
8474488,Matt Climie
8477293,Antti Raanta
8471227,Devan Dubnyk
8479294,Kevin Boyle
8474611,Cameron Gaunce
8475233,David Savard
8477495,Seth Jones
8478460,Zach Werenski
8476341,Anton Forsberg
8478541,Markus Hannikainen
8478426,Paul Bittner
8478567,Dean Kukan
8479411,Vitaly Abramov
8477430,Nick Moutrey
8477638,Jordan Maletta
8476391,TJ Tynan
8475829,John Ramage
8479032,Justin Scott
8476852,Griffin Reinhart
8471251,Justin Peters
8476147,Kael Mouillierat
8476429,Scott Mayfield
8478493,Joel Eriksson Ek
8479443,Sam Anas
8476372,Nick Seeler
8476219,Patrick Cannone
8477949,Alex Tuch
8477006,Christoph Bertschy
8478501,Gustav Bouramman
8476330,Adam Wilcox
8475876,Zane McIntyre
8478010,Brayden Point
8477454,Adam Erne
8476285,Matthew Peca
8478866,Dominik Simon
8477520,Jean-Sebastien Dea
8478466,Daniel Sprong
8476963,Sean Maguire
8471331,Kevin Porter
8471715,Ondrej Pavelec
8470828,Toby Enstrom
8473412,Bryan Little
8474074,Paul Postma
8470834,Dustin Byfuglien
8477429,Andrew Copp
8476460,Mark Scheifele
8469531,Jay Harrison
8471218,Blake Wheeler
8476945,Connor Hellebuyck
8470289,Jim Slater
8474603,Eric O'Dell
8473482,Jiri Tlusty
8478137,Jiri Sekac
8471385,Adam Pardy
8476392,Adam Lowry
8469501,Chris Thorburn
8470614,Mark Stuart
8476885,Jacob Trouba
8475279,Ben Chiarot
8474061,Anthony Peluso
8475958,Michael Sgarbossa
8477940,Nikolaj Ehlers
8477034,Jaycob Megna
8474620,Danny Kristo
8477221,Tommy Hughes
8477413,Sven Andrighetto
8477214,Conor Allen
8470263,David Leneveu
8455919,Craig Conroy
8477234,Troy Grosenick
8470180,Eric Nystrom
8477180,Aaron Dell
8477509,Mirco Mueller
8477958,Nikolay Goldobin
8476624,Barclay Goodrow
8477846,Ryan Carpenter
8470714,Corey Potter
8474674,James Wright
8477936,Michael Dal Colle
8475845,Justin Florek
8476207,Brian Gibbons
8475834,Marcus Sorensen
8477415,Anton Slepyshev
8477934,Leon Draisaitl
8476988,Matt Benning
8476454,Ryan Nugent-Hopkins
8478414,Timo Meier
8479465,Drake Caggiula
8478099,Kevin Labanc
8476472,Oscar Klefbom
8476915,Jujhar Khaira
8476336,Iiro Pakarinen
8477498,Darnell Nurse
8474586,Jordan Eberle
8478402,Connor McDavid
8477851,Jordan Oesterle
8475842,Sam Carrick
8476866,Nicolas Kerdiles
8479368,Max Jones
8479351,Sam Steel
8476822,Luke Glendening
8476430,Tomas Jurco
8477946,Dylan Larkin
8475800,Teemu Pulkkinen
8476960,Andreas Athanasiou
8475852,Petr Mrazek
8477589,Ronalds Kenins
8477500,Bo Horvat
8476452,Tyler Wotherspoon
8474038,Paul Byron
8478477,Mitchell Stephens
8475213,Drew Shore
8476440,Markus Granlund
8477591,Josh Jooris
8471403,Karri Ramo
8475299,Joni Ortio
8476466,Sven Baertschi
8476967,Brett Kulak
8475833,Bill Arnold
8476890,Patrick Sieloff
8474837,Mark Cundari
8475844,Kenny Agostino
8476505,Turner Elson
8477913,David Wolf
8475733,Max Reinhart
8476950,Ryan Culkin
8477486,Emile Poirier
8477424,Juuse Saros
8476970,Andrew O'Brien
8477863,Ryan Faragher
8477489,Keegan Kanzig
8475361,Jonas Gustavsson
8475157,Landon Ferraro
8479325,Charlie McAvoy
8476374,Sean Kuraly
8478559,Matthew O'Connor
8477433,Ben Harpur
8478400,Colin White
8478366,Frank Vatrano
8478443,Brandon Carlo
8478569,Noel Acciari
8477956,David Pastrnak
8478416,Erik Cernak
8477966,Dominik Masin
8476476,Joe Morrow
8476279,Jyrki Jokipakka
8474018,Christopher DiDomenico
8478417,Jakob Forsbacka Karlsson
8477213,Tim Schaller
8476288,Ryan Dzingel
8474062,Riley Nash
8476876,Malcolm Subban
8479378,Logan Stanley
8475321,Phil Varone
8476891,Matt Grzelcyk
8477426,Nick Paul
8474019,Tommy Cross
8477971,Andreas Englund
8476323,Max McCormick
8478435,Dan Vladar
8474152,Scott Darling
8475192,Taylor Beck
8477920,Johan Alm
8473921,Joe Piskula
8475917,Jason Akeson
8470816,Jay Rosehill
8475723,Petr Straka
8477190,Brandon Alderson
8471186,Yann Danis
8476763,Calvin Heeter
8479482,Michal Kempny
8477951,Nick Schmaltz
8478528,Tanner Kero
8476994,Vinnie Hinostroza
8477401,John Hayden
8478055,Gustav Forsling
8477929,Dennis Rasmussen
8471301,Jeff Glass
8478393,Kyle Baun
8477353,Tyler Motte
8477476,Artturi Lehkonen
8478561,Andreas Martinsen
8477402,Pavel Buchnevich
8477446,Michael McCarron
8476918,Jimmy Vesey
8475869,Brandon Davidson
8469492,Fedor Tyutin
8474130,Corey Tropp
8477573,Nathan Walker
8471348,Nikita Nikitin
8474774,Dalton Prout
8471371,Mike Brown
8477227,Eriah Hayes
8477050,Jamie Phillips
8470626,Loui Eriksson
8476443,Xavier Ouellet
8476896,Jake Paterson
8474048,Keith Aulie
8476412,Jordan Binnington
8475671,Matt Fraser
8476922,Boo Nieves
8475789,Jack Campbell
8475310,Curtis McKenzie
8477945,Julius Honka
8475896,Brendan Ranford
8475413,Justin Dowling
8477450,Jason Dickinson
8477931,Tomas Nosek
8477983,Maxim Letunov
8475169,Evander Kane
8480263,Dylan Ferguson
8477478,William Carrier
8477046,Joakim Ryan
8479580,Dylan Gambrell
8475750,Jon Merrill
8480373,Josef Korenar
8475841,Tim Heed
8477312,Antoine Bibeau
8476509,Maxime Lagace
8478434,Keegan Kolesar
8476987,Jake Bischoff
8479980,Nicolas Hague
8476870,Stefan Matteau
8480018,Nick Suzuki
8479996,Cody Glass
8476407,Andy Welinski
8478873,Troy Terry
8477969,Marcus Pettersson
8478491,Jacob Larsson
8476329,Travis Boyd
8480186,Alexander Volkov
8480143,Jakub Jerabek
8478472,Mathieu Joseph
8478519,Anthony Cirelli
8477944,Jakub Vrana
8478049,Ben Thomas
8477831,Pheonix Copley
8477314,Brian Pinho
8479410,Mikhail Sergachev
8477474,Madison Bowey
8478063,Shane Gersich
8479400,Pierre-Luc Dubois
8470085,Paul Ranger
8477978,Ryan Collins
8480162,Matiss Kivlenieks
8477387,Emil Pettersson
8478398,Kyle Connor
8477504,Josh Morrissey
8479329,Frederic Allard
8479293,Brandon Tanev
8477715,Tyler Gaudet
8476469,Joel Armia
8477359,Tucker Poolman
8479339,Patrik Laine
8478458,Jack Roslovic
8480009,Eeli Tolvanen
8477448,Marko Dano
8477380,Jonny Brodzinski
8480147,Oscar Fantenberg
8476983,Paul LaDue
8480113,Alex Iafallo
8477960,Adrian Kempe
8476356,Tobias Rieder
8478020,Michael Amadio
8477987,Ryan Donato
8478046,Danton Heinen
8478498,Jake DeBrusk
8478512,Austin Czarnik
8475648,Chris Breen
8478485,Zach Senyshyn
8477320,Anton Blidh
8477529,Colby Cave
8478415,Jakub Zboril
8477948,Travis Sanheim
8478439,Travis Konecny
8479974,Nolan Patrick
8479944,Zach Aston-Reese
8478500,Ivan Provorov
8478067,Oskar Lindblom
8476923,Damon Severson
8477463,Steven Santini
8479407,Jesper Bratt
8477425,Miles Wood
8478401,Pavel Zacha
8477355,Will Butcher
8476399,Blake Coleman
8480002,Nico Hischier
8475791,Taylor Hall
8476370,Blake Pietila
8480081,Michael Kapla
8479415,Michael McLeod
8479250,Nick Lappin
8473614,Richard Bachman
8479291,Kevin Rooney
8479315,Joey Anderson
8480073,Erik Brannstrom
8477464,Nic Petan
8478031,Nelson Nogier
8478915,Sami Niku
8477076,JC Lipon
8475815,Julian Melchiori
8477962,Brendan Lemieux
8477440,Jan Kostalek
8478891,Mason Appleton
8477480,Eric Comrie
8478029,Chase De Leo
8478424,Jansen Harkins
8476617,Tomas Hyka
8477341,Andreas Johnsson
8478408,Travis Dermott
8470147,Curtis McElhinney
8480356,Kyle Keyser
8477021,Alexander Kerfoot
8478073,Anton Lindholm
8477507,Nikita Zadorov
8479370,Tyson Jost
8476952,Dominic Toninato
8477456,J.T. Compher
8479398,Samuel Girard
8478420,Mikko Rantanen
8477484,Spencer Martin
8479454,Lukas Bengtsson
8476927,Teddy Blueger
8480341,Adam Johnson
8476974,Thomas Di Pauli
8476388,Andrey Pedan
8476465,Ryan Murphy
8477369,Carson Soucy
8478413,Jordan Greenway
8480082,Justin Kloos
8476415,Kyle Rau
8479734,Brennan Menell
8474005,Alex Grant
8480020,Ivan Lodnia
8471832,Nick Drazenovic
8474744,Sean Collins
8474121,Colton Gillies
8473610,Bobby Sanguinetti
8470302,Patrick Dwyer
8475784,Jeff Skinner
8474135,Brett Bellemore
8469462,Tuomo Ruutu
8474137,Drayson Bowman
8470137,Joni Pitkanen
8470283,Tim Brent
8469812,Chad LaRose
8475296,Mitch Callahan
8470093,Mike McKenna
8471280,Nick Johnson
8469664,David Moss
8475275,Patrick Wey
8473953,Derek Smith
8471222,Ladislav Smid
8476043,Ben Street
8475796,Mark Pysyk
8476834,Roman Cervenka
8467338,Alex Tanguay
8476390,Joseph Cramarossa
8475119,Zach Sill
8471219,Al Montoya
8474012,John Albert
8471482,Grant Clitsome
8470309,Ryan Whitney
8474201,Pierre-Cedric Labrie
8470685,Alexander Sulzer
8476878,Zemgus Girgensons
8474059,Linus Omark
8474705,Mark Olver
8470189,David Van Der Gulik
8474030,Aaron Palushaj
8469467,Chuck Kobasew
8470867,Troy Bodie
8469752,Pascal Pelletier
8474601,Yann Sauve
8471323,Ryan Jones
8471402,Lennart Petrell
8473525,Theo Peckham
8473942,Trevor Smith
8475154,Carter Ashton
8476827,Chad Billins
8476423,Reid Boucher
8475808,Michael Chaput
8476819,Jeremy Welsh
8469460,Mike Komisarek
8474113,TJ Brennan
8474593,Jacob Markstrom
8473867,Greg Rallo
8473526,Peter Mueller
8476765,Mike Halmo
8475681,Ben Scrivens
8474567,Zach Bogosian
8477847,Bryce Van Brabant
8475196,Ben Hanowski
8474606,Colby Robak
8466398,Tom Kostopoulos
8474554,Eric Selleck
8474707,Philip Larsen
8476179,Will Acton
8477289,Anton Belov
8473989,Luke Gazdic
8474597,Cody Goloubef
8473647,Frédéric St-Denis
8476888,Mikhail Grigorenko
8468520,Kurtis Foster
8467353,Nik Antropov
8475788,Alexander Burmistrov
8470774,Bruno Gervais
8476451,Lucas Lessio
8476166,Taylor Fedun
8475266,Tomas Vincour
8470265,Anton Babchuk
8471321,Brett Carson
8474844,Carter Bancks
8474049,Akim Aliu
8475264,Roman Horak
8474609,Luke Adam
8473459,Arturs Kulda
8471451,Aaron Gagnon
8468704,Antti Miettinen
8471807,Tom Wandell
8475198,Joonas Nattinen
8468660,Darcy Hordichuk
8474719,Teemu Hartikainen
8476849,Harri Pesonen
8471683,Brian Lee
8475728,Johan Larsson
8475753,Justin Faulk
8477496,Elias Lindholm
8474576,Zach Boychuk
8470320,Cam Ward
8468481,Rick DiPietro
8475194,Philip Samuelsson
8477814,Kevin Czuczman
8477832,Cody Kunyk
8471474,Travis Morin
8475889,Patrick Holland
8474616,Patrice Cormier
8474743,Zach Redmond
8475567,Julien Brouillette
8471220,Rostislav Olesz
8476839,Viktor Fasth
8475309,Jerry D'Amigo
8471705,Brendan Mikkelson
8475304,Scott Timmins
8477811,Ryan Haggerty
8475252,Matt Hackett
8476914,Joonas Korpisalo
8477816,Michael Zalewski
8476931,Jake McCabe
8476319,Nathan Lieuwen
8477499,Rasmus Ristolainen
8473734,Tim Wallace
8470777,Francis Wathier
8475332,Adam Almquist
8477245,Eric Hartzell
8470896,Steve MacIntyre
8477666,Simon Moser
8477836,Matt Carey
8474661,Michal Jordan
8475159,Carl Klingberg
8473416,Michael Caruso
8468745,Jean-Philippe Cote
8475260,Corban Knight
8470268,Denis Grebeshkov
8474748,Andrew MacWilliam
8475752,Tyler Pitlick
8475395,Matthew Konan
8469798,Maxime Fortunus
8475680,Jussi Rynnas
8475190,Jamie Devane
8473505,Peter LeBlanc
8473616,Jonathan Rheault
8468382,Rob Laurie
8470798,Dylan Reese
8472365,Bobby Robins
8474052,Chris Terry
8471708,Ryan Stoa
8471912,Kevin Henderson
8476835,Daniel Bang
8475893,Joonas Rask
8473638,Cedrick Desjardins
8476846,Cristopher Nilstorp
8475241,Sergey Andronov
8477082,Dmitry Korobov
8476522,Adam Payerl
8471312,JT Wyman
8477228,Matt Lindblad
8470704,Jamie Tardif
8474035,Bill Sweatt
8477199,Zach Sikich
8470065,Ryan Craig
8471853,Nicolas Blanchard
8474615,Jared Staal
8476805,Spencer Abbott
8474236,Brett Gallant
8479588,Nolan Stevens
8471433,Daniel Taylor
8476304,David Broll
8477460,Laurent Dauphin
8475902,Zach Trotman
8476411,Jonathan Racine
8476450,Ryan Sproul
8474254,John Kurtz
8475303,Connor Knapp
8476086,Justin Johnson
8474754,Joacim Eriksson
8476227,Joe Whitney
8476435,Alex Khokhlachev
8474939,Mark Van Guilder
8467543,Toby Petersen
8470366,Martin St Pierre
8476437,Victor Rask
8475250,Andrej Nestrasil
8476769,Bobby Farnham
8474793,Justin Hodgman
8476363,Brian Ferlin
8477510,Kerby Rychel
8477902,Dennis Everberg
8470152,Joakim Lindstrom
8476214,Brandon DeFazio
8475732,Danny Biega
8475294,Rasmus Rissanen
8476495,Seth Griffith
8475274,Seth Helgeson
8477070,Liam O'Brien
8474516,Bryan Lerg
8476478,Stuart Percy
8475996,Brendan Shinnimin
8475826,Justin Shugg
8476397,Keegan Lowe
8477407,Anthony Duclair
8476426,David Musil
8475734,Curtis Hamilton
8467972,Rob Zepp
8473415,Alex Biega
8478376,Casey Bailey
8476868,Henrik Samuelsson
8477933,Sam Reinhart
8477916,Borna Rendulic
8477914,Roman Will
8476549,Daniil Tarasov
8475980,Brody Sutter
8477887,Patrick Brown
8477249,Andrew Miller
8476921,Jordan Martinook
8476339,Dominik Uher
8476944,Brendan Woods
8475712,Taylor Aronson
8475781,Tyler Bunz
8477127,Raman Hrabarenka
8477092,Andrey Makarov
8477410,Bogdan Yakimov
8477084,Mackenzie Skapski
8479648,Roman Lyubimov
8479268,Casey Nelson
8479755,Victor Antipin
8478403,Jack Eichel
8478542,Evan Rodrigues
8477488,Brett Pesce
8478396,Noah Hanifin
8476858,Phillip Di Giuseppe
8476958,Jaccob Slavin
8476971,Kevin Roy
8476873,Mark Jankowski
8477903,Garnet Hathaway
8477957,Nikita Scherbak
8478963,Ryan Johnston
8476352,Michael Mersch
8475278,Byron Froese
8477937,Jake Virtanen
8477018,Ben Hutton
8478444,Brock Boeser
8479290,Kalle Kossila
8478842,Andrei Mironov
8478421,A.J. Greer
8478928,Sergei Plotnikov
8476902,Esa Lindell
8476966,Gemel Smith
8477461,Remi Elie
8476913,Devin Shore
8475343,Nic Dowd
8478463,Anthony Beauvillier
8479206,Tanner Fritz
8479345,Jakob Chychrun
8478432,Christian Fischer
8479343,Clayton Keller
8480222,Sebastian Aho
8477943,Brendan Perlini
8477503,Max Domi
8477527,Ross Johnston
8477989,Christian Dvorak
8478445,Mathew Barzal
8478474,Lawson Crouse
8478440,Dylan Strome
8479483,Yohann Auvitu
8478566,Sergey Kalinin
8478397,Rasmus Andersson
8477938,Haydn Fleury
8478427,Sebastian Aho
8477458,Valentin Zykov
8479344,Jesse Puljujarvi
8478451,Ethan Bear
8476934,Brock McGinn
8476416,Dillon Simpson
8478585,Derek Ryan
8477010,Joseph Blandisi
8479316,Luke Kunin
8480158,Andreas Borgman
8475292,Tyler Randell
8479376,Victor Mete
8477810,Joel Hanley
8475736,Connor Brickley
8477453,Chris Bigras
8479442,Troy Stecher
8479292,Charlie Lindgren
8477642,Rinat Valiev
8478454,Noah Juulsen
8477003,Riley Barber
8474149,Evgenii Dadonov
8477955,Jared McCann
8477346,MacKenzie Weegar
8478843,Denis Malgin
8479553,Maxim Mamin
8477452,Ian McCoshen
8477512,Frederik Gauthier
8478233,Andrew Mangiapane
8476924,Martin Frk
8478562,Jakub Nakladal
8475324,Nick Jensen
8477511,Anthony Mantha
8478075,Anders Bjork
8477959,Joshua Ho-Sang
8478859,Niko Mikkola
8476999,Linus Ullmark
8480072,Lias Andersson
8476303,Rob O'Gara
8477337,John Gilmour
8480145,Neal Pionk
8480382,Alexandar Georgiev
8480078,Filip Chytil
8478449,Roope Hintz
8477997,Nikita Tryamkin
8475210,Anton Rodin
8476200,Paul Thompson
8477471,Dillon Heatherington
8478469,Thomas Chabot
8476396,Steven Fogarty
8478564,Joonas Kemppainen
8480144,David Kampf
8479337,Alex DeBrincat
8480153,Victor Ejdsell
8480172,Jan Rutta
8478407,Vince Dunn
8479420,Tage Thompson
8480761,Mitch Reinke
8478106,Dylan Sikura
8479595,Blake Hillman
8477472,Carl Dahlstrom
8478146,Matthew Highmore
8476343,Garret Sparks
8477491,Nicholas Baptiste
8480727,Zach Whitecloud
8478488,Filip Chlapik
8477479,Tyler Bertuzzi
8479115,Jorge Alves
8475982,Erik Burgdoerfer
8476894,Brendan Leipsic
8478584,Vojtech Mozik
8478495,Denis Gurianov
8476982,Danny O'Regan
8476910,Scott Kosmachuk
8477473,Justin Bailey
8480015,Owen Tippett
8478999,Niklas Treutle
8479511,Janne Kuokkanen
8480039,Martin Necas
8477445,Hunter Shinkaruk
8477427,Tobias Lindberg
8474131,Mario Kempe
8480157,Calle Rosen
8465024,Jon Sim
8475809,Scott Wedgewood
8475836,Alex Friesen
8479968,Vinni Lettieri
8477541,Dakota Mermis
8476766,Cole Schneider
8476401,Daniel Catenacci
8479066,Ryan Lomberg
8477033,Viktor Loov
8479496,David Rittich
8476425,Joseph LaBate
8478211,Dryden Hunt
8477998,Warren Foegele
8478846,Christian Wolanin
8477981,Roland McKeown
8475328,Ben Sexton
8479193,Casey DeSmith
8474698,Brent Regner
8475263,Wade Megan
8478104,Sammy Blais
8476414,Alexandre Grenier
8477961,John Quenneville
8480087,Mike Vecchione
8478431,Evgeny Svechnikov
8478027,Lucas Wallmark
8477466,Nick Sorensen
8480762,Eric Robinson
8477392,Hudson Fasching
8479304,Kyle Criscuolo
8479969,Griffen Molino
8475597,Shane Harper
8477583,Curtis Valk
8476322,Chase Balisy
8476020,Andrew Crescenzi
8477417,Peter Cehlarik
8478476,Kyle Capobianco
8475782,Morgan Ellis
8473440,Will O'Neill
8478447,Nicholas Merkley
8478268,Jack Rodewald
8476526,Ben Thomson
8478371,Matt Lorito
8476418,Robbie Russo
8477399,Tyrell Goulbourne
8479404,Henrik Borgstrom
8479249,Andrew Poturalski
8478870,Rudolfs Balcers
8475436,Mike Liambas
8480771,Daniel Brickley
8480776,Sheldon Rempal
8480163,Philip Holm
8477994,Dominic Turgeon
8477041,Brady Austin
8478874,Adam Gaudette
8477085,Ashton Sautner
8479977,Kailer Yamamoto
8479366,Logan Brown
8480083,C.J. Smith
8479423,Alexander Nylander
8477428,Justin Auger
8478425,Brendan Guhle
8476309,Jason Kasdorf
8475756,John McFarland
8478176,Joe Hicketts
8480164,Henrik Haapala
8477566,Sergey Tolchinsky
8478868,Christian Jaros
8480029,Alex Formenton
8476953,Trevor Carrick
8478480,Blake Speers
8477990,Brandon Halverson
8473431,Bud Holloway
8477390,Ben Betker
8478499,Adin Hill
8480420,Collin Delia
8479138,Scott Foster
8476006,Brenden Kichton
8477881,Connor Jones
8479650,Vadim Shipachyov
8480330,Spencer Foo
8478462,Nicolas Roy
8475611,Zane Kalemba
8477967,Thatcher Demko
8477391,Sean Malone
8477441,Jordan Subban
8478965,Ken Appleby
8479999,Casey Mittelstadt
8475291,Garrett Mitchell
8477449,Morgan Klimchuk
8478013,Jake Walman
8478365,Danick Martel
8479613,Giovanni Fiore
8480718,Ben Wexler
8479252,Dan Renouf
8477028,Nick Ebert
8475718,Justin Holl
8480524,Tyler Stewart
8477968,Alex Nedeljkovic
8477483,Yan Pavel Laplante
8478430,Oliver Kylington
8478565,Matthias Plachta
8478024,Ville Husso
8476511,Samuel Henley
8478839,Aleksi Saarela
8477091,Evan McEneny
8476986,Marek Langhamer
8480829,Jesperi Kotkaniemi
8480943,Igor Ozhiganov
8480944,Par Lindholm
8480001,Urho Vaakanainen
8479346,Dillon Dube
8479976,Juuso Valimaki
8480012,Elias Pettersson
8480031,Max Comtois
8480965,Antti Suomela
8480748,Kiefer Sherwood
8478078,Rourke Chartier
8480806,Isac Lundestrom
8480160,Radim Simek
8480839,Rasmus Dahlin
8480945,Juuso Riikola
8480830,Andrei Svechnikov
8479353,Brett Howden
8477366,Luke Johnson
8480801,Brady Tkachuk
8480946,Dominik Kahun
8479320,Maxime Lajoie
8480035,Henri Jokiharju
8479425,Filip Hronek
8478036,Christoffer Ehn
8480161,Libor Sulak
8479992,Michael Rasmussen
8479395,Dennis Cholowski
8479385,Jordan Kyrou
8480023,Robert Thomas
8480005,Kristian Vesalainen
8480849,Barrett Hayton
8480036,Miro Heiskanen
8480950,Ilya Lyubushkin
8480326,Sheldon Dries
8478844,Mikhail Vorobyev
8478455,Austin Wagner
8479994,Jaret Anderson-Dolan
8480803,Evan Bouchard
8479439,Jacob MacDonald
8479644,Matt Luff
8477996,Juho Lammikko
8479657,Alexandre Fortin
8480955,Bogdan Kiselevich
8478129,Jeff Taylor
8478056,Clark Bishop
8480336,Sean Walker
8480948,Egor Yakovlev
8478465,Guillaume Brisebois
8477979,Nicolas Aube-Kubel
8478881,Brett Seney
8479675,Trevor Moore
8478399,Jonas Siegenthaler
8479416,Ben Gleason
8480112,Hunter Miska
8477361,Cal Petersen
8480208,Drake Batherson
8477365,Connor Clifton
8479945,Gavin Bayreuther
8480436,Cole Kehler
8479466,Patrick Russell
8479372,Josh Mahura
8480780,Lukas Radil
8479016,Landon Bow
8480935,Lawrence Pilut
8479364,Timothy Gettinger
8479402,Jake Bean
8478409,Anthony Richard
8475277,Edward Pasquale
8478856,Conor Garland
8478097,Reid Duke
8477357,Saku Maenalanen
8478047,Michael Bunting
8479447,Anthony Greco
8478452,Caleb Jones
8477963,Jayce Hawryluk
8477343,Tyler Lewington
8478406,Mackenzie Blackwood
8479394,Carter Hart
8478038,Devon Toews
8480925,Pavel Francouz
8480954,Jacob Nilsson
8477405,Marcus Hogberg
8481186,Logan O'Connor
8479970,Joseph Gambardella
8478136,Jacob Middleton
8476907,Mackenzie MacEachern
8478831,Kevin Stenlund
8478949,Kole Sherwood
8479324,Ryan Lindgren
8477384,Josh Brown
8479414,Nathan Bastian
8476278,Colin Blackwell
8479365,Trent Frederic
8479026,Philippe Myers
8480022,Michael Dipietro
8479772,Zack MacEwen
8480901,Karson Kuhlman
8480769,Joel L'Esperance
8478911,Matt Roy
8477680,Josh Currie
8480821,Filip Zadina
8479388,Riley Stillman
8479333,Libor Hajek
8478470,Sam Montembeault
8479330,Brandon Gignac
8479336,Carl Grundstrom
8470705,Corey Locke
8471634,Ryan Shannon
8469461,Pascal Leclaire
8471368,Roman Wick
8469670,Marek Svatos
8468789,Jason Williams
8467519,Karlis Skrastins
8480363,Kaden Fulcher
8468506,Brian Sutherby
8469584,Joel Perrault
8474762,Stefan Della Rovere
8471692,Ryan Parent
8467915,Mike Commodore
8467927,Andrew Hutchinson
8467579,Trevor Gillies
8469684,Milan Jurcina
8473501,Ty Wishart
8474731,Justin DiBenedetto
8474063,Mark Katic
8474557,Anssi Salmela
8470661,Jean-Francois Jacques
8470687,Zack Stortini
8471689,Ryan O'Marra
8470986,Darryl Boyce
8471187,Brett Lebda
8469464,Fredrik Sjostrom
8467943,Niklas Hagman
8467466,Trent Hunter
8474139,Maxime Macenauer
8474566,Nikita Filatov
8470649,Patrick O'Sullivan
8471697,Niclas Bergfors
8469647,Derek Boogaard
8469505,Noah Welch
8470578,Freddy Meyer
8471324,Liam Reddox
8468166,Curtis Sanford
8468887,Warren Peters
8473605,Alexander Vasyunov
8471508,Olivier Magnan
8476764,Jack Maclellan
8470680,Ryan Potulny
8471978,Brett Festerling
8471694,Kenndal McArdle
8472379,Tim Stapleton
8473493,Ben Maxwell
8470780,Mark Flood
8474128,Milan Kytnar
8474575,Colten Teubert
8470623,Shawn Belle
8474730,Jonas Holos
8470697,Philippe Dupuis
8468626,David Koci
8474587,Greg Nemisz
8467502,Ales Kotalik
8470580,Jed Ortmeyer
8470988,Bryan Rodney
8474042,Cody Almond
8471413,Mike Vernace
8474085,Johan Harju
8474592,Philip McRae
8469152,Ty Conklin
8468881,Jason Jaffray
8470136,Nathan Oystrick
8471310,Dustin Boyd
8472262,Clay Wilson
8471399,Robbie Earl
8471238,Rob Schremp
8470651,Jeremy Colliton
8468646,Nolan Schaefer
8470072,Petr Prucha
8469516,Brendan Bell
8470708,Guillaume Desbiens
8473444,Jon Matsumoto
8471868,Ryan Russell
8475104,Evan Oberg
8474057,Allen York
8467453,Andrew Raycroft
8476225,Mike Connolly
8470741,Nigel Dawes
8474153,Michal Repik
8472361,Bill Thomas
8474146,Spencer Machacek
8470086,Joe Callahan
8474222,Maxim Noreau
8471941,Mike Duco
8475372,Andreas Engqvist
8470113,John Zeiler
8470656,David Liffiton
8471395,Trevor Ludwig
8468502,David Hale
8471628,Rick Rypien
8469564,Richard Petiot
8469675,Martin Gerber
8470005,Mark Cullen
8474383,Joel Rechlicz
8470787,Drew Bagnall
8470800,Mike Brodeur
8467959,Sebastien Caron
8470605,Hugh Jessiman
8468599,Brian Fahey
8471730,Evan Brophey
8475087,Christian Hanson
8468432,Steve Reinprecht
8475679,Jarod Palmer
8469672,Aaron Voros
8469582,Colin Stuart
8468086,Alexandre Giroux
8467937,Michael Zigomanis
8470301,Andre Deveaux
8470321,Patrick Rissmiller
8475102,Travis Turnbull
8473456,Rhett Rakhshani
8470203,Greg Mauldin
8471846,Kris Fredheim
8476224,Chay Genoway
8474195,Maksim Mayorov
8474771,Peter Mannino
8473898,Paul Szczechura
8474046,Alex Plante
8470648,Stefan Meyer
8474693,Tomas Kubalik
8475641,Brendon Nash
8471223,Boris Valabik
8478916,Joey Daccord
8467906,Jonas Andersson
8474647,Ian Schultz
8469120,Raitis Ivanans
8471863,Mario Bliznak
8475677,Linus Klasen
8471848,Andrey Zubarev
8469716,Severin Blindenbacher
8467335,Mark Bell
8471728,Brodie Dupont
8476803,Shawn Hunwick
8468499,Krys Kolanos
8471822,Brian Foster
8476208,Matt Campanale
8471764,Patrick Davis
8475934,Dennis Endras
8471429,Tyler Eckford
8476243,Iiro Tarkki
8470809,Jeremy Williams
8473532,Mark Dekanich
8473539,Carl Sneep
8474585,Tyler Cuma
8471786,Ray Macias
8474154,Andreas Thuresson
8475990,Jamie Doornbosch
8471265,Raymond Sawada
8474691,Philippe Cornet
8471845,Jean-Philippe Levasseur
8475173,Scott Glennie
8474194,Timo Pielmeier
8475950,Marcel Mueller
8469479,Jason Bacashihua
8476674,Paul Deutsch
8478906,Markus Nutivaara
8476326,Josh Archibald
8476448,William Karlsson
8478506,Gabriel Carlsson
8477416,Oliver Bjorkstrand
8476850,Ryan Murray
8468493,Ron Hainsey
8477505,Alexander Wennberg
8462147,Miikka Kiprusoff
8473451,Kevin Montgomery
8474143,Ryan Thang
8468584,Jon Disalvatore
8474729,Mike Murphy
8474500,Derek Whitmore
8470838,Andrew Joudrey
8474737,Patrick Killeen
8468113,Jeff Finger
8473611,Shane Sims
8475219,Kristopher Foucault
8473916,Steve Wagner
8478841,Colton White
8480800,Quinn Hughes
8481425,Josh Teves
8480314,Max Veronneau
8481433,Taro Hirose
8481426,Ryan Kuffner
8481440,Dustyn Zenner
8481443,Mat Robson
8481442,Brady Keeper
8477972,Josh Jacobs
8478007,Elvis Merzlikins
8480084,Nick DeSimone
8479514,Rem Pitlick
8479361,Joseph Woll
8478840,William Borgen
8478109,Victor Olofsson
8479371,Dante Fabbro
8477865,Jake Chelios
8479369,Andrew Peeke
8480068,Ryan Poehling
8481477,Nico Sturm
8481478,Jake Kielly
8478502,Dennis Gilbert
8481479,Brogan Rafferty
8477947,Sonny Milano
8478487,Michael Spacek
8475821,Sam Brittain
8466392,Todd White
8476791,Scott Arnold
8481486,Jimmy Schuldt
8480074,Alexandre Texier
8481481,Blake Lizotte
8478017,Mark Friedman
8480779,Niclas Westerholm
8478492,Ilya Samsonov
8478882,Vladislav Gavrikov
8477970,Vitek Vanecek
8480069,Cale Makar
8480394,Alex D'Orio
8479289,Ethan Prow
8478074,Anthony Angello
8480395,Sam Miletic
8478043,Sam Lafferty
8477038,Nikita Gusev
8479374,Adam Mascherin
8479381,Nicholas Caamano
8479403,Tyler Parsons
8478446,Glenn Gawdin
8479547,Matthew Phillips
8480970,Marcus Hogstrom
8477574,Parker Milner
8478040,Austin Poganski
8480011,Klim Kostin
8480384,Alexander True
8480021,Jack Studnicka
8477352,Ryan Fitzgerald
8459670,Kimmo Timonen
8455710,Martin Brodeur
8464977,Dainius Zubrus
8464975,Daniel Briere
8460720,Eric Boulton
8465210,Pavel Kubina
8462535,Jody Shelley
8448208,Jaromir Jagr
8460626,Bryce Salvador
8460465,Petr Sykora
8460542,Patrik Elias
8465185,Willie Mitchell
8466182,Henrik Tallinder
8450725,Mark Recchi
8465978,Shawn Thornton
8465056,Trent Whitfield
8466142,Eric Brewer
8465009,Zdeno Chara
8465200,Tomas Kaberle
8465122,Brett Clark
8460703,Tim Thomas
8460503,Mattias Ohlund
8460661,Shane Hnidy
8458938,Roman Hamrlik
8462033,Wade Redden
8465025,Arron Asham
8459454,Jay Pandolfo
8465951,Matt Cooke
8462042,Jarome Iginla
8466160,Brenden Morrow
8460712,Tomas Vokoun
8465166,Craig Adams
8459514,Jamal Mayers
8446485,Kris Draper
8464962,Ruslan Salei
8466149,Daniel Cleary
8466139,Patrick Marleau
8466138,Joe Thornton
8457063,Nicklas Lidstrom
8459687,Scott Nichol
8459444,Todd Bertuzzi
8460743,Tomas Holmstrom
8449645,Mike Modano
8466141,Roberto Luongo
8460719,Steve Sullivan
8464957,J-P Dumont
8465202,Sami Salo
8466148,Marian Hossa
8465058,Michal Rozsival
8462129,Michal Handzus
8464956,Chris Phillips
8458951,Sergei Gonchar
8459424,Chris Pronger
8459429,Jason Arnott
8464979,Marco Sturm
8466158,Scott Hannan
8465059,Matt Bradley
8458590,Mike Knuble
8466145,Nick Boynton
8458637,Sean O'Donnell
8462052,Brian Boucher
8459457,Jamie Langenbrunner
8465005,Colin White
8460496,Ryan Smyth
8459628,Hal Gill
8462041,Radek Dvorak
8460561,Sheldon Souray
8459442,Saku Koivu
8465042,Toni Lydman
8457981,Teemu Selanne
8458543,Jassen Cullimore
8460527,Ryan Johnson
8465170,Fernando Pisani
8462036,Daymond Langkow
8462038,Shane Doan
8458537,Ray Whitney
8464966,Derek Morris
8459053,Adrian Aucoin
8459587,Todd Marchant
8464984,Josh Green
8459596,Andrew Brunette
8459461,Brendan Morrison
8456283,Adam Foote
8464967,Marty Reasoner
8460705,Evgeni Nabokov
8465192,Samuel Pahlsson
8460500,Nolan Baumgartner
8458529,Alex Kovalev
8462161,Brent Johnson
8459492,Vinny Prospal
8459462,Bryan McCabe
8460562,Chris Drury
8462047,Martin Biron
8466144,Paul Mara
8462176,Brent Sopel
8462225,Filip Kuba
8460535,Jose Theodore
8460492,Ed Jovanovski
8460704,Johan Hedberg
8460541,Richard Park
8462077,Jochen Hecht
8459427,Rob Niedermayer
8459640,Mike Grier
8458525,Brian Rolston
8465050,Eric Belanger
8464981,Cory Sarich
8466140,Olli Jokinen
8462196,Stephane Robidas
8464994,Steve Begin
8462044,Jean-Sebastien Giguere
8459140,Nikolai Khabibulin
8465012,Tom Poti
8460577,Milan Hejduk
8464999,Mathieu Garon
8459306,Robbie Tallas
8462152,Chris Mason
8466212,Francis Lessard
8460533,Dave Scatchard
8462118,Marc Savard
8460502,Wade Belak
8466181,Kristian Huselius
8460567,Chris Clark
8466035,Sergei Samsonov
8460580,Brad Lukowich
8460555,Jason Strudwick
8460504,Ethan Moreau
8460556,Freddy Modin
8458568,Chris Osgood
8458541,Steve Staios
8465026,Mark Parrish
8459004,Craig Rivet
8462093,Peter Schaefer
8458943,Cory Stillman
8460612,Marty Turco
8458520,Peter Forsberg
8465113,Brian Willsie
